Metric,Value,Unit
Param_Loss_Prob,0.0,prob
Param_Delay_s,0.0,s
Param_Jitter_s,0.0,s
Duration_s,300.0,s
Collisions,0,count
TTC_Conflict_Events,0,count
TTC_Conflict_Steps,0,steps
Messages_V2I_Sent,1575,packets
Messages_V2I_Dropped,0,packets
Messages_I2V_Sent,968,packets
Messages_I2V_Dropped,0,packets
Messages_V2V_Sent,16048,packets
Messages_V2V_Dropped,0,packets
Messages_Total_Sent,18591,packets
Messages_Total_Dropped,0,packets
Messages_Total_Delivered,18591,packets
Comm_Cost_Sent_Bytes,1174336,B
Comm_Cost_Sent_KB,1146.812,KB
Comm_Cost_Delivered_KB,1146.812,KB
Comm_Cost_Bitrate_kbps,31.316,kbps
